player_display_name,position_group,current_team,projected_ppg,ppg_median,ppg_floor,ppg_ceiling,projected_games,projected_total,total_floor,total_ceiling,pos_rank
Josh Allen,QB,,18.9,19.6,15.0,22.6,14.9,283,224,338,1
Drake Maye,QB,NE,19.2,17.7,14.7,20.9,14.5,278,213,302,2
Jaxon Smith-Njigba,WR,SEA,20.0,17.9,12.6,26.1,13.9,277,175,362,1
Bo Nix,QB,DEN,19.1,18.2,14.5,22.1,14.5,276,210,319,3
Jared Goff,QB,DET,17.7,17.4,14.8,20.1,15.3,271,227,308,4
Christian McCaffrey,RB,SF,20.0,19.6,11.4,26.2,13.3,266,152,348,1
Jalen Hurts,QB,PHI,18.1,17.7,13.7,21.2,14.6,265,201,310,5
Matthew Stafford,QB,LA,17.0,16.8,11.5,20.1,15.2,258,175,306,6
Jahmyr Gibbs,RB,DET,18.6,19.2,14.4,22.5,13.8,258,199,312,2
James Cook,RB,BUF,17.7,16.5,12.6,20.4,14.3,252,179,290,3
Puka Nacua,WR,LA,18.4,18.6,14.2,22.9,13.7,252,194,313,2
Amon-Ra St. Brown,WR,DET,17.6,17.1,13.4,22.0,14.1,248,189,311,3
Justin Herbert,QB,LAC,17.2,17.5,13.9,19.5,14.4,247,199,280,7
Caleb Williams,QB,CHI,16.7,16.3,14.3,20.0,14.5,242,208,289,8
Ashton Jeanty,RB,LV,16.3,14.6,10.6,19.8,14.6,239,155,290,4
Cam Ward,QB,TEN,16.1,14.7,10.2,18.9,14.8,238,151,280,9
Patrick Mahomes,QB,KC,17.4,18.3,14.4,21.2,13.4,233,192,284,10
Trevor Lawrence,QB,JAX,16.9,17.1,14.1,20.0,13.8,233,194,275,11
Baker Mayfield,QB,TB,16.9,17.5,13.2,20.4,13.7,232,181,279,12
Ja'Marr Chase,WR,CIN,18.6,18.2,13.7,21.7,12.5,231,171,270,4
Bijan Robinson,RB,ATL,18.0,17.8,13.9,22.6,12.7,229,178,288,5
Jaxson Dart,QB,NYG,17.6,16.9,11.1,20.0,13.0,228,144,260,13
Jonathan Taylor,RB,IND,17.2,17.5,14.2,21.8,13.1,225,186,285,6
Tetairoa McMillan,WR,CAR,15.1,14.7,10.4,18.3,14.9,225,154,272,5
Brock Bowers,TE,LV,15.6,14.6,11.5,18.4,13.9,217,159,256,1
Joe Burrow,QB,CIN,17.6,17.1,12.2,21.2,12.2,216,149,260,14
Dak Prescott,QB,DAL,16.3,16.9,13.5,19.6,13.2,215,178,259,15
Josh Jacobs,RB,GB,15.2,15.4,10.5,18.3,13.9,212,146,254,8
Brock Purdy,QB,SF,20.4,17.8,9.8,23.4,10.3,211,102,242,16
TreVeyon Henderson,RB,NE,14.3,13.0,9.2,17.4,14.5,206,132,252,9
A.J. Brown,WR,PHI,13.9,14.0,11.7,16.5,14.7,205,172,243,7
Trey McBride,TE,ARI,15.7,16.1,12.5,20.1,13.0,204,163,261,2
CeeDee Lamb,WR,DAL,15.6,14.8,11.3,19.0,13.0,202,147,247,8
Zay Flowers,WR,BAL,13.5,12.3,7.7,16.7,14.9,202,115,249,9
Lamar Jackson,QB,BAL,16.7,16.9,12.1,20.2,12.0,201,145,243,17
Drake London,WR,ATL,14.8,15.0,11.5,18.1,13.6,201,156,245,10
Chase Brown,RB,CIN,15.6,14.1,10.5,19.0,12.7,199,134,241,10
Derrick Henry,RB,BAL,15.5,16.8,10.5,20.6,12.8,198,134,263,11
Kyren Williams,RB,LA,14.5,14.7,9.8,18.3,13.5,196,133,248,12
Daniel Jones,QB,IND,15.0,16.3,12.3,18.8,13.0,195,160,244,18
Emeka Egbuka,WR,TB,13.9,13.2,9.4,17.4,14.1,195,133,244,12
Davante Adams,WR,LA,14.7,14.1,10.5,17.5,13.1,193,137,228,13
C.J. Stroud,QB,HOU,14.8,13.9,11.6,18.0,13.0,193,152,235,19
Jordan Love,QB,GB,13.6,14.8,10.5,18.5,14.1,192,148,260,20
George Pickens,WR,DAL,14.2,14.7,11.6,18.1,13.6,192,157,245,14
Sam Darnold,QB,SEA,14.9,14.9,10.8,17.5,12.7,190,137,223,21
Travis Etienne,RB,JAX,13.8,12.6,8.9,16.2,13.8,190,123,223,13
Javonte Williams,RB,DAL,12.9,12.6,8.0,16.6,14.6,189,118,243,14
Tee Higgins,WR,CIN,14.5,15.1,10.4,18.5,13.0,188,135,240,16
RJ Harvey,RB,DEN,13.2,12.1,9.0,16.2,14.0,185,127,227,15
Malik Nabers,WR,NYG,14.3,13.4,8.5,19.1,12.8,183,109,245,17
Tyler Warren,TE,IND,13.4,13.1,9.5,16.7,13.7,183,130,228,4
Bryce Young,QB,CAR,13.6,13.4,10.1,17.2,13.4,182,136,230,22
Quinshon Judkins,RB,CLE,13.5,12.2,7.9,16.6,12.9,175,101,214,16
Jameson Williams,WR,DET,12.9,14.2,8.4,16.1,13.2,171,111,213,18
Courtland Sutton,WR,DEN,13.0,12.7,9.1,15.4,13.1,170,119,201,19
Colston Loveland,TE,CHI,12.0,11.9,6.8,15.2,14.2,170,96,215,5
Mike Evans,WR,,13.3,13.6,8.0,16.1,12.7,169,102,205,20
Stefon Diggs,WR,NE,12.6,11.8,7.5,14.6,13.2,166,99,193,21
Ladd McConkey,WR,LAC,12.6,11.7,8.0,15.2,13.2,166,106,200,22
Justin Jefferson,WR,MIN,13.0,11.8,6.8,16.7,12.6,164,85,211,23
DeVonta Smith,WR,PHI,12.1,12.9,8.5,16.8,13.4,163,114,225,24
Aaron Rodgers,QB,PIT,12.9,13.6,8.2,15.8,12.5,161,102,198,24
Kenneth Gainwell,RB,PIT,10.7,10.7,8.0,13.1,15.0,161,119,196,17
Garrett Wilson,WR,NYJ,12.6,12.4,8.3,17.4,12.8,161,106,222,25
Rashee Rice,WR,KC,13.3,13.5,8.8,18.5,12.1,160,106,223,26
Tyler Shough,QB,NO,13.3,13.3,8.9,17.3,11.9,159,106,206,25
Jordan Addison,WR,MIN,11.5,10.7,5.7,14.6,13.8,158,79,201,27
Saquon Barkley,RB,PHI,12.3,13.2,9.1,19.1,12.8,157,117,244,18
Omarion Hampton,RB,LAC,12.5,12.1,8.7,17.4,12.5,156,109,217,19
Travis Kelce,TE,KC,11.1,10.0,7.6,13.6,14.0,155,107,191,6
Kenneth Walker III,RB,SEA,11.3,11.2,7.7,14.5,13.7,155,105,198,20
Marvin Harrison Jr.,WR,ARI,12.1,11.9,7.1,15.0,12.8,155,91,192,28
Rome Odunze,WR,CHI,11.5,10.6,7.3,15.2,13.5,155,98,206,29
Bucky Irving,RB,TB,12.2,11.5,6.6,17.4,12.5,153,82,218,22
D'Andre Swift,RB,CHI,11.2,12.2,9.4,15.4,13.1,147,124,203,23
Kyle Pitts,TE,ATL,10.9,11.5,8.2,15.1,13.5,147,111,203,7
George Kittle,TE,SF,12.6,13.0,9.7,17.4,11.6,146,112,202,8
Deebo Samuel Sr.,WR,WAS,11.4,10.2,6.8,14.3,12.7,146,86,182,30
Michael Pittman,WR,,10.8,10.8,7.4,14.2,13.5,146,100,191,31
Wan'Dale Robinson,WR,NYG,10.5,10.6,7.3,16.1,14.0,146,102,225,32
Quentin Johnston,WR,LAC,11.7,11.8,7.9,14.6,12.5,146,98,182,33
DK Metcalf,WR,PIT,10.9,10.5,6.3,15.4,13.3,145,84,204,34
Kyler Murray,QB,ARI,14.3,13.9,8.4,18.1,10.1,144,85,182,27
Jaylen Warren,RB,PIT,10.1,9.3,6.6,14.9,14.0,142,93,209,24
Michael Wilson,WR,ARI,10.8,11.3,7.7,14.6,13.1,141,101,192,35
Jayden Higgins,WR,HOU,9.9,9.4,4.7,13.7,14.3,141,67,196,37
Zach Charbonnet,RB,SEA,10.2,10.3,6.3,14.3,13.7,140,86,197,25
Terry McLaurin,WR,WAS,11.8,9.7,7.0,15.1,11.7,138,82,176,38
Mac Jones,QB,SF,12.0,11.2,7.3,15.0,11.5,138,83,173,28
Rico Dowdle,RB,CAR,10.6,10.8,6.5,14.0,12.8,136,83,179,26
David Montgomery,RB,DET,10.0,10.2,6.4,14.2,13.5,135,86,192,27
Tyreek Hill,WR,MIA,11.5,9.8,5.5,15.5,11.7,134,64,181,39
Jake Ferguson,TE,DAL,10.0,9.8,6.9,14.5,13.4,134,93,195,9
Dallas Goedert,TE,PHI,9.7,11.0,6.1,13.0,13.7,133,84,177,10
Tucker Kraft,TE,GB,10.6,10.8,6.9,15.2,12.5,133,87,191,11
J.J. McCarthy,QB,MIN,13.8,12.8,7.5,17.8,9.6,133,72,170,29
DJ Moore,WR,CHI,9.3,8.6,6.3,13.1,14.2,132,90,186,40
Tony Pollard,RB,TEN,9.3,8.8,5.8,13.1,14.0,130,82,184,28
Blake Corum,RB,LA,9.0,7.4,3.4,13.1,14.4,130,48,189,29
Keenan Allen,WR,LAC,9.7,10.0,5.8,13.7,13.2,129,77,182,41
Hunter Henry,TE,NE,9.7,10.2,6.6,12.6,13.4,129,89,169,12
Justin Fields,QB,NYJ,13.3,13.9,8.2,16.8,9.7,129,79,163,30
Alec Pierce,WR,IND,9.9,9.8,6.0,12.6,12.9,128,78,163,42
Romeo Doubs,WR,GB,9.1,9.4,4.8,13.1,14.0,128,68,184,43
Tre Tucker,WR,LV,8.5,7.7,4.6,13.5,15.1,128,70,204,44
Tre Harris,WR,LAC,9.1,7.0,3.1,11.0,14.0,128,44,155,45
Dalton Kincaid,TE,BUF,10.2,10.4,5.5,13.0,12.4,127,69,161,13
Luther Burden III,WR,CHI,9.4,9.0,4.9,13.8,13.4,127,66,185,46
Jauan Jennings,WR,SF,11.0,10.1,7.1,13.7,11.5,126,81,157,47
Travis Hunter,WR,JAX,9.8,10.4,4.5,14.8,12.6,123,57,186,48
Chris Godwin Jr.,WR,TB,10.7,10.5,5.5,14.3,11.4,122,63,163,49
Jakobi Meyers,WR,JAX,10.0,9.6,4.8,14.0,12.2,122,59,171,50
Jerry Jeudy,WR,CLE,9.9,9.6,3.7,12.5,12.3,122,46,154,51
Josh Downs,WR,IND,9.4,7.7,4.2,12.0,12.9,122,55,155,52
Brian Thomas Jr.,WR,JAX,10.5,10.2,6.4,14.9,11.6,122,75,174,53
J.K. Dobbins,RB,DEN,10.6,10.2,6.3,15.5,11.5,121,72,178,30
Kyle Monangai,RB,CHI,8.6,7.0,3.7,12.2,14.1,121,52,173,31
Cam Skattebo,RB,NYG,11.1,11.3,5.9,16.9,10.9,121,64,184,32
Juwan Johnson,TE,NO,9.1,8.5,4.8,11.8,13.2,120,63,155,14
Chimere Dike,WR,TEN,8.1,6.6,3.6,11.8,14.5,118,52,171,54
AJ Barner,TE,SEA,8.5,8.7,4.1,11.5,13.9,117,57,160,15
Jacory Croskey-Merritt,RB,WAS,8.6,7.4,3.7,12.8,13.6,117,51,174,33
Khalil Shakir,WR,BUF,8.3,8.4,4.5,12.4,14.0,116,63,173,55
Anthony Richardson,QB,IND,11.3,10.2,1.3,17.3,10.2,116,14,177,31
Oronde Gadsden II,TE,LAC,8.8,7.6,3.8,12.8,13.0,115,49,166,16
Rachaad White,RB,TB,8.9,8.0,4.4,13.4,12.8,114,56,172,34
Keon Coleman,WR,BUF,8.8,7.7,3.3,12.9,13.0,114,43,167,56
Tyrone Tracy Jr.,RB,NYG,8.7,7.8,3.8,11.6,13.0,113,49,152,35
Jacoby Brissett,QB,ARI,12.4,12.7,8.0,16.0,9.0,112,72,145,32
Dalton Schultz,TE,HOU,8.7,8.8,4.7,11.4,12.9,112,61,146,17
Mark Andrews,TE,BAL,7.8,7.2,4.1,11.6,14.3,112,59,166,18
Parker Washington,WR,JAX,8.9,9.1,4.6,13.2,12.5,111,57,164,57
Marquise Brown,WR,KC,8.4,6.7,4.0,12.2,13.2,110,53,161,58
Jayden Reed,WR,GB,8.3,8.3,3.8,13.1,13.3,110,50,175,59
Kareem Hunt,RB,KC,8.2,8.3,4.1,12.3,13.3,109,54,163,36
Sam LaPorta,TE,DET,8.8,9.4,5.6,13.6,12.4,109,70,168,21
Woody Marks,RB,HOU,8.1,8.9,4.1,13.1,13.3,108,55,174,37
Zach Ertz,TE,WAS,9.0,9.6,4.7,12.4,11.8,107,56,147,22
Christian Watson,WR,GB,9.3,9.0,6.6,14.5,11.4,106,75,165,60
Mason Taylor,TE,NYJ,8.5,8.9,3.7,11.3,12.4,106,46,140,23
Michael Penix Jr.,QB,ATL,11.3,11.1,6.6,16.9,9.2,104,61,156,33
Cade Otton,TE,TB,7.8,7.4,3.1,9.7,13.2,103,40,127,24
Cooper Kupp,WR,SEA,8.1,7.4,4.3,11.7,12.6,102,54,147,61
Rashid Shaheed,WR,SEA,7.9,8.4,3.9,12.1,12.8,101,50,155,62
Pat Bryant,WR,DEN,7.9,7.2,2.7,11.5,12.8,101,35,148,63
Elic Ayomanor,WR,TEN,7.2,6.0,2.6,11.5,13.9,100,36,159,64
Devin Singletary,RB,NYG,6.7,6.4,3.3,10.3,14.6,98,48,151,39
Drew Lock,QB,SEA,11.7,9.5,2.1,11.9,8.4,98,18,100,35
Chig Okonkwo,TE,TEN,7.2,6.6,3.0,9.9,13.6,98,41,135,25
Isaac TeSlaa,WR,DET,7.9,6.9,3.2,11.6,12.3,97,39,142,65
Najee Harris,RB,LAC,8.8,7.3,3.9,11.4,11.0,96,43,125,40
Dylan Sampson,RB,CLE,7.6,6.8,2.6,10.3,12.5,96,33,129,41
Jameis Winston,QB,NYG,11.3,12.4,6.4,16.2,8.4,95,54,137,37
Tyler Allgeier,RB,ATL,6.5,6.7,2.5,10.6,14.7,95,37,156,42
Calvin Ridley,WR,TEN,7.7,8.0,3.5,12.2,12.1,94,42,147,66
James Conner,RB,ARI,9.2,8.2,5.1,14.9,10.1,93,51,151,43
Kimani Vidal,RB,LAC,7.2,6.0,2.5,12.9,12.8,92,32,166,44
Joe Flacco,QB,CIN,13.2,11.8,6.3,18.4,6.9,91,43,126,39
Nick Chubb,RB,HOU,7.3,6.8,2.7,10.6,12.6,91,34,134,45
Cole Kmet,TE,CHI,6.4,6.1,3.5,8.8,14.2,91,49,125,26
Zach Wilson,QB,MIA,11.3,9.1,1.2,15.9,8.1,91,10,128,40
Brian Robinson,RB,SF,7.2,6.1,3.3,10.5,12.6,91,42,132,46
Carson Wentz,QB,MIN,11.2,10.5,5.4,15.7,8.0,90,44,126,42
Brenton Strange,TE,JAX,7.6,7.1,3.7,11.2,11.7,90,43,132,27
Tyjae Spears,RB,TEN,7.4,6.8,2.6,12.7,12.2,90,32,155,47
Evan Engram,TE,DEN,7.0,6.6,3.3,10.3,12.7,89,41,131,29
Xavier Legette,WR,CAR,7.1,7.3,2.8,11.2,12.5,89,35,140,68
Rhamondre Stevenson,RB,NE,7.0,8.3,4.7,12.6,12.4,87,58,156,48
Kayshon Boutte,WR,NE,7.0,7.0,2.9,11.4,12.4,87,35,141,69
DeMario Douglas,WR,NE,6.7,6.4,2.8,9.1,12.8,87,36,117,70
Jaylin Noel,WR,HOU,6.4,5.7,3.1,9.9,13.6,87,42,134,71
Kirk Cousins,QB,ATL,9.1,8.4,3.5,14.3,9.4,86,33,135,43
Darnell Mooney,WR,ATL,7.0,6.6,3.0,9.8,12.2,86,37,120,72
Chuba Hubbard,RB,CAR,7.6,6.8,3.6,12.2,11.4,86,40,139,49
Malik Washington,WR,MIA,6.4,5.3,2.4,9.9,13.5,86,33,134,73
Pat Freiermuth,TE,PIT,7.1,7.2,3.7,10.1,12.0,85,45,122,30
John Metchie III,WR,NYJ,6.9,7.2,2.5,10.7,12.4,85,31,134,74
Adonai Mitchell,WR,NYJ,7.2,7.2,1.9,11.9,11.8,85,23,140,75
Aaron Jones,RB,,7.0,7.3,3.7,12.6,11.9,84,44,150,50
Christian Kirk,WR,HOU,6.5,6.8,2.8,9.6,13.0,84,36,125,76
Jordan Mason,RB,MIN,6.4,7.4,1.7,11.8,13.2,84,22,155,51
Jalen McMillan,WR,TB,7.4,7.8,2.3,11.8,11.4,84,26,134,77
Terrance Ferguson,TE,LA,7.2,6.5,3.2,10.3,11.8,84,37,121,31
Jonnu Smith,TE,PIT,5.9,6.7,3.6,8.8,14.1,83,51,124,32
Trey Benson,RB,ARI,7.0,6.3,1.7,11.4,11.9,83,20,135,52
Matthew Golden,WR,GB,6.9,8.3,3.1,12.1,12.0,83,38,145,78
Adam Thielen,WR,PIT,6.5,6.7,2.0,8.2,12.7,82,25,104,79
Michael Mayer,TE,LV,6.9,6.6,2.7,9.7,11.8,82,32,114,33
Ricky Pearsall,WR,SF,7.1,7.0,3.0,12.9,11.5,82,34,149,81
Darren Waller,TE,MIA,7.4,7.2,3.2,12.5,11.0,81,35,137,35
Devaughn Vele,WR,NO,6.7,6.2,2.0,9.7,12.1,81,25,118,82
Bhayshul Tuten,RB,JAX,6.7,5.7,2.4,10.5,12.1,81,29,127,53
DeAndre Hopkins,WR,BAL,6.4,6.0,4.0,10.5,12.6,80,51,132,83
Taysom Hill,TE,NO,6.7,5.8,2.3,10.7,11.8,80,27,127,36
Marvin Mims Jr.,WR,DEN,6.2,6.1,2.6,11.2,13.0,80,34,146,84
Cedric Tillman,WR,,6.7,6.2,2.5,10.4,12.0,80,30,124,85
Van Jefferson,WR,TEN,6.2,5.5,2.2,10.0,12.7,79,28,127,86
Jalen Coker,WR,CAR,6.9,6.5,2.0,10.1,11.5,79,23,117,87
Theo Wease Jr.,WR,MIA,7.7,7.1,2.9,11.4,10.1,78,29,115,89
Shedeur Sanders,QB,CLE,9.7,8.7,5.0,15.1,8.0,78,40,121,44
Mack Hollins,WR,NE,6.3,6.1,2.6,10.3,12.3,77,32,126,90
Jack Bech,WR,LV,5.9,5.2,2.7,10.0,13.1,77,36,131,91
Noah Fant,TE,CIN,6.4,6.3,3.3,10.0,11.9,76,40,118,37
Elijah Arroyo,TE,SEA,5.6,5.3,2.4,9.8,13.6,76,33,133,38
Ollie Gordon II,RB,MIA,5.2,4.1,1.7,9.5,14.3,75,24,135,56
Andy Dalton,QB,CAR,11.2,10.9,3.3,13.0,6.6,74,22,86,45
Tyler Lockett,WR,LV,5.4,4.2,2.0,9.4,13.7,74,27,128,92
Dawson Knox,TE,BUF,5.9,5.5,2.7,8.6,12.6,74,34,109,39
Michael Carter,RB,ARI,6.0,6.0,2.2,11.2,12.3,74,28,138,57
Tank Bigsby,RB,PHI,6.2,5.6,2.3,10.2,12.0,74,28,123,58
Mike Gesicki,TE,CIN,6.1,6.5,3.2,9.6,12.1,73,38,116,40
Devin Neal,RB,NO,6.4,5.0,2.2,10.2,11.5,73,26,117,59
Ameer Abdullah,RB,IND,5.9,3.8,1.9,9.5,12.2,72,24,116,60
JuJu Smith-Schuster,WR,KC,5.7,4.8,2.4,9.6,12.7,72,31,122,93
Miles Sanders,RB,DAL,6.3,5.0,2.5,10.7,11.4,72,29,121,61
Savion Williams,WR,GB,5.8,4.8,2.1,8.9,12.5,72,26,111,94
Brashard Smith,RB,KC,5.4,3.6,1.6,9.6,13.3,72,22,128,62
Tez Johnson,WR,TB,5.9,5.8,2.8,9.0,12.2,72,34,110,95
Austin Ekeler,RB,WAS,6.2,6.7,2.2,10.2,11.5,71,26,117,63
Josh Palmer,WR,BUF,6.0,5.4,2.3,8.9,11.9,71,28,107,96
Luke McCaffrey,WR,WAS,6.0,5.4,1.9,9.5,11.9,71,23,113,97
Jake Tonges,TE,SF,6.5,5.8,3.0,9.2,10.7,70,32,98,41
Jalen Tolbert,WR,DAL,5.9,6.2,2.3,9.9,11.7,69,27,115,100
Ryan Flournoy,WR,DAL,5.6,5.9,1.6,9.2,12.4,69,20,114,101
Isaiah Davis,RB,NYJ,5.1,5.0,1.6,8.5,13.5,69,22,114,64
Kyle Williams,WR,,5.7,4.9,2.5,10.6,12.0,69,30,128,102
Tory Horton,WR,SEA,5.7,4.8,2.3,11.0,12.2,69,28,135,103
Emanuel Wilson,RB,GB,5.2,6.4,1.6,9.0,13.2,68,22,119,65
Audric Estimé,RB,NO,6.1,5.5,2.0,11.9,11.1,68,22,133,66
Dillon Gabriel,QB,CLE,7.5,7.2,3.1,12.2,9.0,68,28,109,47
Davis Mills,QB,HOU,10.9,9.8,5.2,15.1,6.1,67,32,92,48
Jalen Nailor,WR,MIN,5.1,5.7,2.1,8.4,13.1,67,27,109,104
Andrei Iosivas,WR,CIN,5.8,6.0,2.3,9.1,11.3,66,26,103,108
Ja'Tavion Sanders,TE,CAR,5.3,4.8,1.7,7.9,12.3,65,21,97,42
Kendrick Bourne,WR,SF,5.5,5.4,1.8,8.9,11.7,64,21,104,109
Treylon Burks,WR,WAS,5.5,4.0,2.3,10.6,11.7,64,27,124,110
KaVontae Turpin,WR,DAL,5.3,5.1,1.8,8.5,11.9,63,22,101,112
Austin Hooper,TE,NE,5.2,4.9,2.6,7.8,12.1,62,31,94,43
Darius Slayton,WR,NYG,5.6,4.8,2.6,9.2,11.1,62,29,103,113
Josh Oliver,TE,MIN,5.0,5.1,2.1,8.2,12.1,61,26,99,44
Jerome Ford,RB,CLE,5.4,4.7,2.0,9.6,11.3,61,22,109,69
Malik Willis,QB,GB,8.4,10.1,5.2,15.3,7.2,61,37,110,49
Darnell Washington,TE,PIT,5.1,5.7,2.4,8.3,12.0,61,29,99,45
Tyrell Shavers,WR,BUF,5.6,5.6,1.5,10.2,11.0,61,16,113,114
Ray Davis,RB,BUF,4.2,4.2,1.6,7.2,14.5,61,23,104,70
Jaylin Lane,WR,WAS,4.4,4.2,1.6,9.2,13.9,61,22,128,115
Josh Reynolds,WR,NYJ,5.4,4.4,1.4,8.0,11.1,60,16,89,116
Colby Parkinson,TE,LA,5.3,5.8,2.0,9.9,11.3,60,23,112,46
Xavier Hutchinson,WR,HOU,4.6,5.2,1.8,7.7,13.1,60,23,102,117
Emari Demercado,RB,ARI,5.3,3.9,1.3,8.3,11.5,60,15,96,71
Bam Knight,RB,ARI,6.3,5.9,0.8,10.8,9.3,59,7,100,72
Sean Tucker,RB,TB,4.9,5.7,1.8,9.7,12.2,59,22,118,73
Olamide Zaccheaus,WR,CHI,4.8,5.2,1.7,8.4,12.1,58,21,102,118
Isaiah Likely,TE,BAL,4.6,5.2,2.3,7.1,12.6,58,29,90,48
Kendre Miller,RB,NO,6.1,5.3,1.8,9.7,9.4,58,17,91,74
Jaylen Wright,RB,MIA,4.8,4.8,1.1,8.9,12.0,58,13,107,75
Trey Lance,QB,LAC,8.4,6.9,0.8,13.8,6.8,57,6,94,50
Kenny Pickett,QB,LV,9.5,8.3,1.9,12.9,6.0,57,11,77,51
Chris Rodriguez Jr.,RB,WAS,5.2,4.9,1.3,9.8,11.0,57,14,108,76
Elijah Higgins,TE,ARI,4.3,3.5,1.2,8.0,13.4,57,16,107,49
Jimmy Garoppolo,QB,LA,9.3,7.9,2.0,10.4,6.0,56,12,63,52
Demarcus Robinson,WR,SF,4.8,4.4,1.8,8.5,11.7,56,21,99,119
Tyler Higbee,TE,LA,4.9,5.0,2.1,7.5,11.5,56,24,86,50
Noah Gray,TE,KC,4.9,4.8,1.8,6.0,11.4,56,20,68,51
Tommy Tremble,TE,CAR,4.3,4.7,2.4,8.2,12.9,56,31,105,52
Luke Schoonmaker,TE,DAL,4.6,4.0,2.0,6.7,12.3,56,25,82,53
Jackson Hawes,TE,BUF,4.8,3.8,1.7,7.5,11.7,56,20,88,54
Antonio Gibson,RB,NE,5.5,4.4,2.0,10.0,10.0,55,20,100,77
Elijah Moore,WR,DEN,4.5,4.4,2.7,9.6,12.3,55,33,117,121
Jahan Dotson,WR,PHI,4.5,3.5,2.6,9.8,12.3,55,32,121,122
Trevor Etienne,RB,CAR,4.0,2.7,0.7,6.8,13.5,55,10,91,78
Nick Westbrook-Ikhine,WR,MIA,5.1,4.2,1.9,6.0,10.8,54,20,65,123
Calvin Austin III,WR,PIT,4.5,4.8,1.7,8.7,12.0,54,20,105,124
Tyquan Thornton,WR,KC,4.6,5.1,1.9,9.7,11.8,54,22,114,125
Daniel Bellinger,TE,NYG,4.2,4.3,1.8,7.0,12.8,54,23,90,55
Luke Musgrave,TE,GB,4.7,4.4,2.0,7.9,11.3,54,23,90,56
Justice Hill,RB,BAL,4.7,5.9,1.8,9.8,11.3,53,21,111,79
Samaje Perine,RB,CIN,4.6,3.9,1.9,7.8,11.4,52,21,89,80
Jeremy McNichols,RB,WAS,4.1,3.6,0.9,7.9,12.7,52,12,101,81
Jaleel McLaughlin,RB,DEN,4.2,3.3,1.3,8.2,12.1,51,15,100,82
Tim Patrick,WR,JAX,4.7,4.5,1.7,7.9,10.7,50,18,85,127
Greg Dortch,WR,ARI,4.7,4.4,1.4,8.0,10.7,50,15,85,128
Gabe Davis,WR,BUF,4.2,4.3,1.7,6.6,11.9,50,20,78,129
Kaleb Johnson,RB,,4.9,4.2,0.9,9.0,10.1,50,9,91,83
Brandin Cooks,WR,BUF,4.9,4.6,2.1,10.5,9.9,48,20,104,130
Greg Dulcich,TE,MIA,4.8,5.1,1.9,8.6,10.0,48,19,86,57
Jordan Whittington,WR,LA,4.2,3.2,1.1,6.3,11.4,48,12,72,131
Quinn Ewers,QB,MIA,5.8,5.9,2.4,11.5,8.4,48,20,96,53
Kevin Austin Jr.,WR,NO,4.6,4.5,1.5,8.4,10.2,47,16,86,132
Jalen Royals,WR,KC,4.8,4.1,0.7,7.6,9.8,47,7,74,133
Braelon Allen,RB,NYJ,4.6,4.4,1.9,8.6,9.8,46,18,85,86
Malachi Corley,WR,CLE,4.3,3.3,1.1,7.5,10.8,46,11,81,134
LeQuint Allen Jr.,RB,JAX,3.6,2.3,1.1,6.7,12.7,46,14,85,87
Konata Mumpfield,WR,LA,4.4,2.9,0.9,6.6,10.4,46,9,68,135
Isaiah Bond,WR,CLE,4.0,3.2,1.0,9.1,11.4,46,12,105,136
Mitchell Trubisky,QB,BUF,6.5,5.2,0.4,11.3,6.9,45,3,78,54
Will Dissly,TE,LAC,4.6,4.0,2.0,6.7,9.8,45,20,66,58
Shedrick Jackson,WR,LV,4.4,4.0,1.8,8.3,10.3,45,18,85,137
Zavier Scott,RB,MIN,4.3,3.4,1.0,8.1,10.3,44,10,83,89
Cade Stover,TE,HOU,4.1,3.5,1.4,7.0,11.0,44,15,77,61
Raheim Sanders,RB,CLE,4.9,4.5,1.5,8.0,8.8,44,14,71,90
Chris Moore,WR,WAS,3.7,4.0,1.5,7.8,11.7,43,18,92,138
David Sills,WR,ATL,4.0,3.9,1.0,7.2,10.5,42,11,76,140
Jeremy Ruckert,TE,NYJ,4.3,3.7,2.2,6.7,9.8,42,21,66,63
Davis Allen,TE,LA,3.8,3.8,1.3,6.5,10.9,42,14,71,64
Zay Jones,WR,ARI,4.0,4.2,1.1,8.7,10.4,41,12,90,141
Mason Rudolph,QB,PIT,8.1,7.7,2.1,11.5,5.0,41,10,57,55
Sal Cannella,TE,CLE,4.6,4.0,1.1,8.3,9.0,41,10,75,65
Malik Davis,RB,DAL,4.0,3.6,0.4,8.3,10.3,41,4,86,92
Mitchell Tinsley,WR,CIN,3.8,3.9,1.1,8.5,10.8,41,12,91,142
Kalif Raymond,WR,DET,3.6,3.6,1.0,7.0,11.2,40,11,78,143
Cam Akers,RB,SEA,3.9,4.2,2.2,8.5,10.3,40,23,88,93
Adam Trautman,TE,DEN,3.5,3.5,2.4,6.8,11.5,40,27,79,66
Moliki Matavao,TE,NO,4.0,3.2,1.4,6.6,10.0,40,14,66,67
Evan Hull,RB,NO,4.1,3.3,0.5,6.3,9.4,39,5,59,94
Roschon Johnson,RB,CHI,3.8,2.6,0.9,5.9,10.1,39,9,60,95
Isaiah Williams,WR,,3.5,2.8,0.7,8.0,11.1,39,8,90,144
Mitchell Evans,TE,CAR,3.6,3.2,1.5,6.6,10.9,39,16,71,68
Josh Johnson,QB,,6.5,5.7,0.3,9.9,5.8,38,2,57,57
Tyler Huntley,QB,BAL,6.0,7.1,1.7,11.5,6.3,38,11,72,58
Jimmy Horn Jr.,WR,CAR,3.4,2.6,0.4,6.1,11.4,38,4,69,147
Jaydon Blue,RB,DAL,4.1,3.6,0.8,7.4,9.1,38,7,68,97
Kyle Juszczyk,RB,SF,3.1,3.4,1.4,6.8,11.9,37,17,80,98
Marquez Valdes-Scantling,WR,PIT,3.6,3.7,1.7,7.5,10.3,37,17,77,149
Brock Wright,TE,DET,3.4,3.0,1.3,5.9,10.8,37,14,64,69
Skyy Moore,WR,SF,3.2,1.3,0.5,5.2,11.6,37,5,61,151
Xavier Smith,WR,LA,2.9,2.4,0.2,6.5,12.9,37,2,84,152
Devontez Walker,WR,BAL,3.6,3.7,1.1,7.3,10.3,37,11,76,153
Ben Sinnott,TE,WAS,3.6,3.7,1.8,7.6,10.1,37,18,78,70
Brady Cook,QB,NYJ,4.9,5.1,1.5,9.6,7.5,37,12,72,59
Corey Kiner,RB,ARI,3.6,2.5,0.7,6.0,10.1,37,7,60,100
Isaiah Hodgins,WR,NYG,3.3,4.0,1.2,7.6,11.0,36,13,83,156
Cameron Latu,TE,PHI,3.8,3.1,0.9,6.6,9.4,36,8,62,71
Jonathan Mingo,WR,DAL,3.8,3.5,1.0,6.7,9.6,36,10,64,157
Tai Felton,WR,MIN,3.6,2.7,0.5,6.7,10.1,36,5,68,159
Josh Williams,RB,,4.0,3.3,0.6,6.4,8.9,36,6,57,101
Nate Carter,RB,ATL,3.9,3.1,0.9,6.7,9.2,36,8,62,102
Curtis Samuel,WR,BUF,3.6,3.5,1.5,8.4,9.6,35,14,81,160
Nyheim Hines,RB,NO,3.3,2.4,1.2,6.2,10.6,35,12,66,103
Foster Moreau,TE,NO,3.4,3.9,0.9,4.9,10.3,35,9,50,72
Shane Zylstra,TE,DET,4.0,4.0,1.4,6.7,8.8,35,12,59,73
Tanner McKee,QB,PHI,6.1,7.7,1.3,9.3,5.7,35,7,53,62
Ronnie Bell,WR,NO,3.5,3.6,0.9,5.9,10.1,35,9,59,161
LaJohntay Wester,WR,BAL,3.0,1.4,0.5,5.3,11.7,35,6,63,162
Justin Watson,WR,,3.4,3.4,1.2,6.1,9.8,34,12,59,164
Devin Culp,TE,TB,3.7,4.3,1.5,6.9,9.3,34,14,64,75
Tahj Washington,WR,MIA,3.7,2.8,0.7,5.8,9.2,34,6,54,165
Jacoby Jones,WR,,3.8,3.2,1.2,7.7,8.8,34,11,68,166
Dont'e Thornton Jr.,WR,LV,3.2,3.5,1.1,7.5,10.8,34,12,80,167
Arian Smith,WR,NYJ,3.0,1.9,0.6,6.8,11.4,34,6,77,168
Lil'Jordan Humphrey,WR,DEN,3.5,3.9,1.3,7.4,9.5,33,12,71,169
Hunter Luepke,RB,DAL,3.0,2.7,0.9,5.8,10.8,33,10,63,106
Drew Sample,TE,CIN,3.5,2.8,1.7,5.8,9.2,32,16,53,78
Joe Milton III,QB,DAL,4.0,3.5,1.0,7.9,8.1,32,8,64,63
Tip Reiman,TE,ARI,3.3,3.3,1.1,4.7,9.8,32,11,46,79
Josh Whyle,TE,GB,3.4,2.9,1.1,5.9,9.2,31,10,54,80
Mason Tipton,WR,NO,3.0,2.0,0.6,5.4,10.2,31,6,55,171
Tanner Hudson,TE,CIN,3.2,3.4,1.7,5.9,9.2,30,15,54,81
Dante Pettis,WR,NO,3.4,2.5,0.4,5.9,8.8,30,4,52,172
Jarrett Stidham,QB,DEN,4.2,3.6,1.3,5.7,7.2,30,10,41,64
Jaret Patterson,RB,LAC,3.3,3.4,0.9,8.2,9.2,30,8,75,110
Charlie Kolar,TE,BAL,2.9,2.9,1.1,5.9,10.4,30,11,61,82
Eric Gray,RB,NYG,3.0,2.8,0.7,5.4,9.9,30,7,53,111
Jared Wiley,TE,KC,3.1,2.8,1.1,5.1,9.6,30,11,49,83
Joshua Dobbs,QB,NE,4.5,5.6,1.1,7.8,6.4,29,7,50,65
Gardner Minshew,QB,KC,7.5,6.8,1.9,11.2,3.9,29,7,43,66
Devin Duvernay,WR,CHI,2.3,1.2,0.5,5.5,12.5,29,6,69,176
Chris Oladokun,QB,KC,4.5,4.6,1.9,9.5,6.5,29,12,61,67
Travis Vokolek,TE,ARI,3.7,3.3,0.2,5.6,7.8,29,2,43,84
Adrian Martinez,QB,,4.0,3.5,0.5,7.8,7.2,29,4,57,68
Julian Hill,TE,MIA,2.7,2.4,0.8,5.2,10.9,29,9,57,85
Kedon Slovis,QB,ARI,4.3,2.3,0.5,7.1,6.9,29,3,49,69
Thomas Fidone II,TE,NYG,3.9,3.2,0.6,5.8,7.4,29,4,43,86
Laquon Treadwell,WR,IND,3.5,3.2,0.8,6.1,8.1,28,7,49,178
Noah Brown,WR,WAS,3.3,4.3,2.3,6.4,8.3,28,19,53,179
Jason Brownlee,WR,KC,3.2,1.6,1.0,5.2,8.8,28,9,46,180
Kylen Granson,TE,PHI,2.4,2.1,0.5,3.9,11.1,27,5,44,89
Tyler Badie,RB,DEN,2.2,1.0,0.5,8.1,12.7,27,6,103,114
Zamir White,RB,LV,2.7,2.6,0.7,7.0,9.9,27,7,69,115
Dylan Drummond,WR,ATL,2.9,2.5,0.3,5.8,9.5,27,3,56,181
Tahj Brooks,RB,CIN,2.6,2.6,0.9,6.9,10.4,27,9,72,116
Gage Larvadain,WR,CLE,2.4,1.4,0.2,5.9,11.0,27,2,66,182
Hassan Haskins,RB,LAC,2.6,1.4,0.3,4.2,10.0,26,3,41,118
Keaton Mitchell,RB,BAL,2.6,2.5,0.2,8.7,10.1,26,3,88,119
Sione Vaki,RB,DET,2.5,1.8,0.5,4.8,10.4,26,5,50,120
Teddy Bridgewater,QB,TB,6.2,4.9,0.6,9.4,4.0,25,3,38,71
Derius Davis,WR,LAC,2.2,0.9,0.4,4.2,11.4,25,4,48,184
Payne Durham,TE,TB,3.1,2.4,0.9,3.5,8.1,25,7,28,91
Dylan Laube,RB,LV,2.5,1.0,0.2,3.9,10.2,25,3,39,121
KeAndre Lambert-Smith,WR,LAC,2.4,1.6,0.5,6.1,10.6,25,5,65,186
Mo Alie-Cox,TE,IND,2.3,2.2,1.2,4.6,10.5,24,12,49,92
Cody White,WR,,2.6,2.4,0.7,5.1,9.2,24,7,47,188
Jalen Brooks,WR,ARI,2.7,2.3,1.3,5.5,9.0,24,12,50,190
Ryan Miller,WR,,2.6,1.6,0.5,5.4,9.1,24,5,49,191
George Holani,RB,SEA,2.5,2.8,0.4,5.6,9.3,24,4,52,123
Gunner Olszewski,WR,NYG,2.4,1.2,0.1,5.5,9.8,23,1,54,193
Tyson Bagent,QB,CHI,3.9,2.3,0.6,5.7,6.0,23,3,34,72
Darius Cooper,WR,PHI,2.6,2.3,0.5,5.6,9.1,23,4,51,194
Ian Thomas,TE,LV,2.4,2.6,1.2,4.9,9.2,22,11,45,93
Cedrick Wilson Jr.,WR,MIA,2.4,2.1,0.7,6.9,9.1,22,6,63,195
Trayveon Williams,RB,CLE,2.2,1.9,0.2,5.6,10.2,22,2,57,124
Dee Eskridge,WR,MIA,2.3,1.2,0.4,5.2,9.8,22,4,51,196
Will Shipley,RB,PHI,2.0,1.3,0.5,4.8,11.1,22,6,53,125
Dalen Cambre,WR,NYG,2.5,1.8,0.3,5.9,8.9,22,3,53,197
Ke'Shawn Williams,WR,CIN,2.3,2.0,0.1,5.9,9.6,22,1,57,198
Nick Mullens,QB,JAX,3.3,2.9,0.2,6.9,6.3,21,2,43,73
Mecole Hardman,WR,BUF,2.2,1.0,0.6,5.6,9.3,21,6,52,199
Scott Miller,WR,,2.1,1.8,0.5,5.8,9.8,21,5,57,200
Harrison Bryant,TE,HOU,2.7,2.3,1.0,4.0,7.9,21,8,31,94
Josiah Deguara,TE,ARI,2.6,2.0,0.7,4.5,8.1,21,6,36,95
Luke Farrell,TE,SF,2.3,2.1,1.3,3.6,9.2,21,11,33,96
James Mitchell,TE,CAR,2.4,2.2,0.8,3.7,8.5,21,7,32,97
Nate Adkins,TE,DEN,2.4,2.3,0.8,5.7,9.1,21,7,52,98
Brevyn Spann-Ford,TE,DAL,1.9,1.9,1.1,4.0,10.9,21,12,44,99
Terrell Jennings,RB,NE,2.6,2.8,0.5,6.1,7.9,21,4,48,126
River Cracraft,WR,WAS,2.6,2.1,0.3,4.3,7.7,20,2,33,202
Braxton Berrios,WR,HOU,1.8,1.7,-0.2,3.9,11.2,20,-2,43,203
John Bates,TE,WAS,2.0,2.2,0.8,3.9,10.1,20,8,39,100
Simi Fehoko,WR,ARI,1.9,1.6,0.7,4.8,10.6,20,7,51,204
Teagan Quitoriano,TE,ATL,2.3,1.8,0.8,2.5,8.7,20,7,22,101
Stone Smartt,TE,NYJ,2.6,2.2,1.1,5.7,7.9,20,8,45,102
Lucas Krull,TE,DEN,2.3,1.8,0.9,3.7,8.8,20,8,33,103
Chris Brooks,RB,,1.9,1.5,0.7,5.4,10.6,20,8,57,127
Bryce Oliver,WR,TEN,2.6,1.9,1.1,4.9,7.8,20,8,38,207
DJ Giddens,RB,IND,2.1,1.9,0.7,6.2,9.9,20,7,62,129
Ben Skowronek,WR,PIT,1.9,1.3,0.8,4.1,9.7,19,8,39,208
Nikola Kalinic,TE,CHI,3.1,2.9,0.2,4.3,6.0,19,1,26,104
Connor Heyward,TE,PIT,1.8,1.0,0.8,4.4,10.7,19,8,47,105
Zaire Mitchell-Paden,TE,NO,2.2,1.5,0.5,4.3,8.6,19,4,37,106
Ronnie Rivers,RB,LA,2.0,1.2,0.3,7.0,9.2,19,3,65,130
Jacob Saylors,RB,DET,2.0,1.1,-0.0,6.2,9.7,19,0,61,131
Kalel Mullings,RB,TEN,2.3,2.2,0.9,6.1,8.4,19,8,51,132
Riley Leonard,QB,IND,2.8,3.7,0.4,8.3,6.7,19,3,56,75
Beaux Collins,WR,NYG,2.3,2.1,0.4,6.0,8.4,19,3,50,209
Tylan Wallace,WR,BAL,1.9,2.4,0.7,4.9,9.6,18,7,47,210
Kene Nwangwu,RB,NYJ,2.4,2.2,0.1,4.3,7.5,18,1,33,133
Grant Calcaterra,TE,PHI,1.9,1.8,0.9,4.3,9.7,18,9,41,109
Dameon Pierce,RB,KC,2.0,1.8,0.5,5.4,8.7,18,4,47,134
Andrew Ogletree,TE,IND,1.8,1.4,0.8,3.3,9.7,18,7,32,110
Kameron Johnson,WR,TB,1.7,1.0,0.2,4.5,11.1,18,2,50,212
Carter Runyon,TE,LV,2.4,1.8,0.8,5.4,7.7,18,6,42,111
Dare Ogunbowale,RB,HOU,1.7,1.9,0.4,5.1,10.5,17,4,53,135
Ty Chandler,RB,MIN,1.9,1.1,0.6,4.5,9.0,17,6,41,137
Tanner Conner,TE,NYG,2.1,1.6,0.5,3.8,8.1,17,4,31,112
Jake Bobo,WR,SEA,1.9,1.5,0.3,4.2,8.7,17,3,37,213
DeAndre Carter,WR,CLE,1.5,0.6,0.1,3.4,10.8,16,1,36,214
Kyle Allen,QB,DET,3.2,2.5,0.2,6.9,4.9,16,1,34,77
KhaDarel Hodge,WR,ATL,1.7,1.4,0.2,4.0,9.5,16,2,38,216
Ashton Dulin,WR,IND,1.6,1.2,0.4,5.3,10.1,16,4,54,217
D'Ernest Johnson,RB,NE,1.7,2.3,0.6,5.5,9.9,16,6,54,138
Tim Jones,WR,JAX,1.8,1.4,0.5,3.6,8.5,16,5,31,218
John FitzPatrick,TE,GB,1.8,1.6,0.7,3.5,9.2,16,7,33,113
Ben Sims,TE,MIN,2.3,1.9,1.1,3.2,6.8,16,8,22,114
Brycen Tremayne,WR,CAR,1.9,1.8,0.6,4.4,8.4,16,5,37,219
British Brooks,RB,HOU,2.0,1.6,0.1,3.2,8.1,16,1,26,139
Ben Yurosek,TE,MIN,1.9,1.3,0.3,4.8,8.3,16,2,39,115
Robert Tonyan,TE,KC,1.9,1.7,0.8,3.0,7.9,15,6,23,116
Tom Kennedy,WR,DET,1.7,1.0,0.2,3.7,9.2,15,2,34,221
James Proche,WR,TEN,1.6,1.5,0.3,4.0,9.0,15,3,36,222
Xavier Gipson,WR,NYG,1.6,0.9,0.2,3.2,9.4,15,2,31,223
Nikko Remigio,WR,KC,1.8,1.3,0.1,3.3,8.4,15,1,27,224
Brenden Bates,TE,CLE,1.9,1.7,0.6,4.8,7.8,15,5,38,117
Charlie Jones,WR,,1.6,1.0,0.3,4.0,9.0,14,3,36,225
Blake Whiteheart,TE,CLE,1.8,1.7,0.5,3.7,7.9,14,4,30,118
Colson Yankoff,TE,WAS,1.8,1.4,0.3,3.3,8.1,14,3,27,119
Johnny Mundt,TE,JAX,1.4,1.6,0.7,3.3,8.9,13,6,30,120
Alex Bachman,WR,LV,1.4,1.2,0.1,3.8,8.8,13,1,33,226
Julius Chestnut,RB,TEN,1.6,0.9,0.2,4.4,8.2,13,2,36,142
Xavier Weaver,WR,ARI,1.4,1.5,0.5,3.3,9.3,13,5,31,227
David Martin-Robinson,TE,TEN,1.7,1.7,0.4,4.4,7.4,13,3,33,121
Pharaoh Brown,TE,ARI,1.5,0.8,0.5,1.9,8.0,12,4,16,122
Durham Smythe,TE,CHI,1.4,1.6,1.0,2.9,8.2,12,8,24,123
Alec Ingold,RB,MIA,1.5,1.7,0.8,2.8,7.8,12,6,22,143
Andre Baccellia,WR,ARI,1.4,1.0,0.3,2.6,8.7,12,2,23,228
Mason Kinsey,WR,TEN,1.5,1.6,0.4,5.1,8.5,12,3,43,229
Charlie Woerner,TE,ATL,1.3,1.5,0.7,2.9,8.9,12,6,26,124
Khalil Herbert,RB,NYJ,1.5,1.0,0.5,4.4,8.0,12,4,35,144
Tyler Goodson,RB,IND,1.2,1.1,0.4,5.0,10.0,12,4,50,145
Velus Jones Jr.,RB,SEA,1.5,0.9,0.4,6.1,7.8,12,3,48,146
Brayden Willis,TE,SF,2.0,1.0,0.6,3.0,6.1,12,4,18,125
Anthony Gould,WR,IND,1.3,0.4,0.1,3.9,9.4,12,1,36,230
C.J. Ham,RB,MIN,1.2,1.0,0.2,3.3,9.5,11,2,31,147
Jack Stoll,TE,NO,1.2,1.0,0.5,4.1,8.9,11,4,37,126
Dareke Young,WR,SEA,1.3,0.9,0.4,3.3,8.5,11,4,28,231
Deven Thompkins,WR,ATL,1.1,0.5,0.1,3.5,10.0,11,1,35,232
Jack Westover,TE,NE,1.3,0.7,0.3,4.7,8.8,11,3,42,127
Rasheen Ali,RB,BAL,1.1,1.5,0.4,5.2,10.1,11,4,53,148
Max Brosmer,QB,MIN,2.1,1.9,0.2,6.7,5.1,11,1,34,78
Anthony Firkser,TE,DET,1.2,1.7,0.4,3.7,8.7,10,3,32,129
Eric Saubert,TE,SEA,1.2,1.2,0.7,2.4,8.7,10,6,21,130
Steven Sims,WR,ARI,1.2,0.2,0.3,2.3,8.3,10,2,19,235
Andrew Beck,RB,NYJ,1.3,1.2,0.5,3.1,7.8,10,4,24,149
Tucker Fisk,TE,LAC,1.3,1.5,0.6,2.4,7.8,10,5,19,131
Quintin Morris,TE,JAX,1.0,1.2,0.5,2.7,8.8,9,5,24,133
Adam Prentice,RB,DEN,1.0,0.8,0.2,2.5,9.0,9,2,22,151
Travis Homer,RB,CHI,1.2,0.3,0.1,4.0,6.8,8,0,27,152
Feleipe Franks,TE,ATL,1.1,0.9,0.6,3.0,7.4,8,4,22,135
Ko Kieft,TE,TB,1.5,1.1,0.2,1.6,5.4,8,1,8,136
Chris Manhertz,TE,NYG,1.0,1.2,0.4,2.4,7.3,7,3,18,137
Reggie Gilliam,RB,BUF,0.9,1.1,0.1,2.4,7.3,7,1,18,154
Britain Covey,WR,PHI,0.8,0.4,0.2,3.1,9.0,7,1,28,236
Brady Russell,RB,SEA,0.8,0.6,0.0,2.4,6.5,5,0,15,155
Patrick Ricard,RB,BAL,0.0,0.4,0.2,1.3,6.3,0,1,8,156
